City_ID,City,Country,Date,Lat,Lng,Max Temp,Humidity,Cloudiness,Wind Speed
0,Ust-Omchug,RU,1/18/2021 22:26,61.15,149.6333,-26.23,78,100,9.33
1,Chokurdakh,RU,1/18/2021 22:24,70.6333,147.9167,-32.67,84,6,2.42
2,Cape Town,ZA,1/18/2021 22:23,-33.9258,18.4232,69.01,88,0,13.8
3,Longyearbyen,SJ,1/18/2021 22:26,78.2186,15.6401,17.6,67,20,27.63
4,Kapaa,US,1/18/2021 22:26,22.0752,-159.319,71.6,73,75,29.93
5,Biloela,AU,1/18/2021 22:26,-24.4167,150.5,78.48,65,77,7.96
6,Albany,US,1/18/2021 22:26,42.6001,-73.9662,33.01,63,99,3
7,Port Alfred,ZA,1/18/2021 22:26,-33.5906,26.891,66.99,91,43,3
8,Hobart,AU,1/18/2021 22:22,-42.8794,147.3294,55,50,75,17.27
9,Lebu,CL,1/18/2021 22:26,-37.6167,-73.65,62.44,79,0,23.89
10,San Lorenzo,PY,1/18/2021 22:26,-25.3333,-57.5333,82.4,44,0,12.66
11,Punta Arenas,CL,1/18/2021 22:26,-53.15,-70.9167,55.4,58,0,21.85
12,Siraha,NP,1/18/2021 22:26,26.6541,86.2087,57.92,68,0,2.89
13,Brae,GB,1/18/2021 22:26,60.3964,-1.353,41,87,90,18.41
14,Yzeure,FR,1/18/2021 22:26,46.5644,3.355,36,87,90,5.75
15,Tuatapere,NZ,1/18/2021 22:26,-46.1333,167.6833,51.01,94,100,5.99
16,Barrow,US,1/18/2021 22:26,71.2906,-156.7887,-2.2,78,90,13.8
17,Solhan,TR,1/18/2021 22:21,38.9634,41.0293,23.92,94,99,6.08
18,Severo-Kurilsk,RU,1/18/2021 22:26,50.6789,156.125,18.9,89,88,31.12
19,Ghatanji,IN,1/18/2021 22:26,20.1333,78.3167,68.14,56,0,4.41
20,Dicabisagan,PH,1/18/2021 22:26,17.0818,122.4157,74.75,85,100,13.27
21,Lorengau,PG,1/18/2021 22:25,-2.0226,147.2712,83.86,77,57,10.87
22,Hithadhoo,MV,1/18/2021 22:26,-0.6,73.0833,80.17,66,0,4.72
23,Porto Walter,BR,1/18/2021 22:26,-8.2686,-72.7439,81.27,88,100,1.3
24,Gigmoto,PH,1/18/2021 22:26,13.7796,124.39,78.51,83,100,11.9
25,Lasa,IT,1/18/2021 22:26,46.6166,10.7002,27,79,0,5.75
26,Tuktoyaktuk,CA,1/18/2021 22:26,69.4541,-133.0374,-5.8,84,20,12.66
27,Nyurba,RU,1/18/2021 22:26,63.2842,118.3319,-50.39,76,56,4.97
28,Kidal,ML,1/18/2021 22:26,18.4411,1.4078,68.09,23,0,12.75
29,Estevan,CA,1/18/2021 22:26,49.1334,-102.9842,24.8,86,90,9.22
30,Mahebourg,MU,1/18/2021 22:26,-20.4081,57.7,78.8,94,75,8.05
31,Mount Gambier,AU,1/18/2021 22:23,-37.8333,140.7667,60.8,59,90,14.97
32,Krasnoselkup,RU,1/18/2021 22:26,65.7,82.4667,-14.71,89,98,1.28
33,Lompoc,US,1/18/2021 22:26,34.6391,-120.4579,75.2,23,1,9.22
34,Bluff,NZ,1/18/2021 22:24,-46.6,168.3333,51.01,94,100,5.99
35,Rikitea,PF,1/18/2021 22:25,-23.1203,-134.9692,78.78,74,41,14.14
36,Qaanaaq,GL,1/18/2021 22:26,77.484,-69.3632,4.57,84,100,6.76
37,Tripoli,LY,1/18/2021 22:26,32.8752,13.1875,57.36,63,40,14.18
38,Castro,BR,1/18/2021 22:22,-24.7911,-50.0119,67.23,96,100,3.71
39,Sonoita,MX,1/18/2021 22:26,31.85,-112.8333,75,11,0,10.42
40,Ugoofaaru,MV,1/18/2021 22:26,5.6667,73,81.93,70,55,13.15
41,Atuona,PF,1/18/2021 22:25,-9.8,-139.0333,78.69,76,37,17.09
42,Jardim,BR,1/18/2021 22:26,-21.4803,-56.1381,70.84,93,100,4.43
43,Busselton,AU,1/18/2021 22:26,-33.65,115.3333,68,62,9,6.71
44,Narsaq,GL,1/18/2021 22:24,60.9167,-46.05,15.8,62,100,4.61
45,Carnarvon,AU,1/18/2021 22:26,-24.8667,113.6333,80.6,100,0,8.05
46,Saldanha,ZA,1/18/2021 22:26,-33.0117,17.9442,64.4,82,0,11.5
47,Bukavu,CD,1/18/2021 22:26,-2.5083,28.8608,61.02,81,92,0.72
48,Powell River,CA,1/18/2021 22:26,49.8496,-124.5361,44.6,87,75,2.3
49,Vatava,RO,1/18/2021 22:26,46.9667,24.7667,21.2,86,75,2.3
50,Vardo,NO,1/18/2021 22:25,70.3705,31.1107,35.6,75,75,23.02
51,Marabba,SD,1/18/2021 22:26,12.35,32.1833,74.44,26,3,14.83
52,Trinidad,BO,1/18/2021 22:26,-14.8333,-64.9,78.8,65,75,5.75
53,Bengkulu,ID,1/18/2021 22:24,-3.8004,102.2655,72.95,86,77,5.37
54,Touros,BR,1/18/2021 22:26,-5.1989,-35.4608,80.6,69,20,10.36
55,Beringovskiy,RU,1/18/2021 22:26,63.05,179.3167,-19.62,86,49,11.34
56,Lagoa,PT,1/18/2021 22:26,39.05,-27.9833,61.68,84,100,25.03
57,Pisco,PE,1/18/2021 22:26,-13.7,-76.2167,75.2,73,0,5.75
58,Hilo,US,1/18/2021 22:24,19.7297,-155.09,78.8,65,90,10.36
59,Nizwa,OM,1/18/2021 22:26,22.9333,57.5333,58.59,45,0,1.66
60,Bambous Virieux,MU,1/18/2021 22:25,-20.3428,57.7575,79,94,75,8.05
61,Pervomayskiy,RU,1/18/2021 22:26,53.2485,40.2871,-1.84,93,100,1.54
62,Bredasdorp,ZA,1/18/2021 22:26,-34.5322,20.0403,66.2,82,12,5.75
63,Atambua,ID,1/18/2021 22:26,-9.1061,124.8925,73.98,90,100,2.77
64,Fez,MA,1/18/2021 22:26,34.0372,-4.9998,44.6,70,0,9.22
65,Ust-Kuyga,RU,1/18/2021 22:26,70.0167,135.6,-46.3,76,78,2.75
66,La Ronge,CA,1/18/2021 22:26,55.1001,-105.2842,10.4,79,98,8.05
67,Ushuaia,AR,1/18/2021 22:22,-54.8,-68.3,51.8,66,75,13.8
68,Souillac,MU,1/18/2021 22:26,-20.5167,57.5167,78.8,94,75,8.05
69,Khatanga,RU,1/18/2021 22:26,71.9667,102.5,-32.96,81,0,13.89
70,Tapes,BR,1/18/2021 22:26,-30.6733,-51.3958,71.67,71,6,10.09
71,Warri,NG,1/18/2021 22:26,5.5167,5.75,79.27,83,0,6.29
72,Diffa,NE,1/18/2021 22:26,13.3154,12.6113,68.14,25,41,11.86
73,Ribeira Grande,PT,1/18/2021 22:25,38.5167,-28.7,62.6,88,75,21.85
74,Pevek,RU,1/18/2021 22:25,69.7008,170.3133,-29.07,86,89,5.95
75,Nikolskoye,RU,1/18/2021 22:26,59.7035,30.7861,17.6,93,75,2.24
76,Cockburn Town,TC,1/18/2021 22:26,21.4612,-71.1419,78.8,69,75,8.05
77,Puerto Ayora,EC,1/18/2021 22:26,-0.7393,-90.3518,77,94,75,11.5
78,Esperance,AU,1/18/2021 22:25,-33.8667,121.9,60.8,82,0,14.97
79,Sao Joao Da Barra,BR,1/18/2021 22:26,-21.6403,-41.0511,80.6,69,0,18.41
80,Mataura,NZ,1/18/2021 22:26,-46.1927,168.8643,51.01,94,100,5.99
81,Provideniya,RU,1/18/2021 22:26,64.3833,-173.3,-5.8,71,75,13.42
82,Yellowknife,CA,1/18/2021 22:26,62.456,-114.3525,5,85,90,10.36
83,Bikaner,IN,1/18/2021 22:26,28.0167,73.3,54.88,50,0,7
84,Faya,SA,1/18/2021 22:26,18.3851,42.4509,55.4,62,0,3.44
85,Vaini,TO,1/18/2021 22:24,-21.2,-175.2,86,74,40,11.5
86,Cabra,ES,1/18/2021 22:26,37.4725,-4.4421,44.01,74,10,1.59
87,Port Elizabeth,ZA,1/18/2021 22:24,-33.918,25.5701,68,88,0,12.66
88,Avarua,CK,1/18/2021 22:25,-21.2078,-159.775,78.8,78,75,9.22
89,Airai,TL,1/18/2021 22:26,-8.9266,125.4092,59.88,100,100,0.94
90,Lavrentiya,RU,1/18/2021 22:24,65.5833,-171,-11.16,88,100,9.55
91,Belaya Gora,RU,1/18/2021 22:26,68.5333,146.4167,-42.14,81,29,2.04
92,Biak,ID,1/18/2021 22:26,-0.9131,122.8766,76.89,83,100,3.24
93,Saint-Philippe,RE,1/18/2021 22:24,-21.3585,55.7679,78.8,73,20,5.75
94,Ust-Kulom,RU,1/18/2021 22:26,61.6864,53.6902,-15.3,89,36,3.76
95,Vostok,RU,1/18/2021 22:26,46.4856,135.8833,-18.94,88,100,4.72
96,Northam,GB,1/18/2021 22:26,51.0333,-4.2167,52,95,100,5.01
97,Olafsvik,IS,1/18/2021 22:26,64.8945,-23.7142,32.85,88,45,15.5
98,Pangnirtung,CA,1/18/2021 22:26,66.1451,-65.7125,14,73,90,18.41
99,Morant Bay,JM,1/18/2021 22:26,17.8815,-76.4093,84.2,61,20,2.3
100,Tomball,US,1/18/2021 22:26,30.0972,-95.6161,68,52,75,16.11
101,Butaritari,KI,1/18/2021 22:26,3.0707,172.7902,80.47,82,49,17.54
102,Dabeiba,CO,1/18/2021 22:26,7.0017,-76.2672,78.04,75,89,2.04
103,Wajir,KE,1/18/2021 22:26,1.7471,40.0573,84.87,21,89,11.54
104,Laguna,US,1/18/2021 22:26,38.421,-121.4238,73.4,13,1,26.46
105,Kaitangata,NZ,1/18/2021 22:26,-46.2817,169.8464,55.99,83,84,1.01
106,Bay Roberts,CA,1/18/2021 22:26,47.5999,-53.2648,37.99,91,76,1.01
107,Upernavik,GL,1/18/2021 22:26,72.7868,-56.1549,12.13,89,50,7.4
108,Bathsheba,BB,1/18/2021 22:26,13.2167,-59.5167,80.6,69,40,21.85
109,Katsuura,JP,1/18/2021 22:26,35.1333,140.3,46.4,53,20,20.71
110,Kodiak,US,1/18/2021 22:23,57.79,-152.4072,42.8,81,90,6.91
111,Chuy,UY,1/18/2021 22:26,-33.6971,-53.4616,67.46,65,0,9.06
112,Soto La Marina,MX,1/18/2021 22:26,23.7667,-98.2167,75,71,6,15.01
113,Toritama,BR,1/18/2021 22:26,-8.0067,-36.0567,75.96,70,53,12.95
114,Tignere,CM,1/18/2021 22:26,7.3667,12.65,67.35,25,91,2.33
115,Kavieng,PG,1/18/2021 22:26,-2.5744,150.7967,84,71,76,13.29
116,Zambezi,ZM,1/18/2021 22:26,-13.5432,23.1047,67.26,96,100,5.61
117,Geraldton,AU,1/18/2021 22:26,-28.7667,114.6,75.2,73,0,3.85
118,Najran,SA,1/18/2021 22:25,17.4924,44.1277,57.2,38,0,0.72
119,Jamestown,US,1/18/2021 22:26,42.097,-79.2353,30,93,90,9.22
120,Birao,CF,1/18/2021 22:25,10.2849,22.7882,69.4,22,21,6.71
121,Prainha,BR,1/18/2021 22:26,-1.8,-53.48,80.28,74,99,5.79
122,Boma,GH,1/18/2021 22:26,7.0805,-2.1697,77.09,60,22,2.8
123,Vila Velha,BR,1/18/2021 22:24,-20.3297,-40.2925,80.01,83,0,13.8
124,Beatrice,US,1/18/2021 22:26,40.2681,-96.747,39.2,70,90,6.91
125,Qaqortoq,GL,1/18/2021 22:26,60.7167,-46.0333,15.8,62,100,4.61
126,Matanza,CO,1/18/2021 22:26,7.3223,-73.0152,73.4,78,75,6.91
127,Pangai,TO,1/18/2021 22:26,-19.8,-174.35,86,74,20,6.91
128,Jaciara,BR,1/18/2021 22:23,-15.9653,-54.9683,73.18,91,100,4.56
129,Naze,JP,1/18/2021 22:26,28.3667,129.4833,57.2,58,75,8.05
130,Hasaki,JP,1/18/2021 22:26,35.7333,140.8333,36,60,20,8.05
131,Tveit,NO,1/18/2021 22:26,58.2337,8.122,32,100,75,5.75
132,Lillooet,CA,1/18/2021 22:26,50.6856,-121.942,41,65,1,3.44
133,Adrar,MR,1/18/2021 22:26,20.5022,-10.0711,58.82,30,72,13.06
134,Pemangkat,ID,1/18/2021 22:26,1.1667,108.9667,76.12,87,100,9.48
135,Moerai,PF,1/18/2021 22:26,-22.4333,-151.3333,80.51,75,100,11.1
136,Hastings,GB,1/18/2021 22:26,50.8552,0.5729,46,85,100,11.01
137,Matara,LK,1/18/2021 22:25,5.9485,80.5353,74.41,92,100,4.56
138,Oriximina,BR,1/18/2021 22:26,-1.7656,-55.8661,78.53,88,65,2.55
139,Russell,US,1/18/2021 22:26,32.3502,-85.1999,57.2,23,1,10.36
140,Ghansor,IN,1/18/2021 22:26,22.65,79.95,59.94,50,6,6.96
141,Cherskiy,RU,1/18/2021 22:24,68.75,161.3,-41.37,81,43,4.07
142,Akyab,MM,1/18/2021 22:26,20.15,92.9,65.28,82,15,4.14
143,Baruun-Urt,MN,1/18/2021 22:25,46.6806,113.2792,-5.73,88,2,8.55
144,Nova Prata,BR,1/18/2021 22:26,-28.7839,-51.61,69.01,47,3,1.99
145,Kruisfontein,ZA,1/18/2021 22:26,-34.0033,24.7314,66,83,0,6.38
146,Namatanai,PG,1/18/2021 22:26,-3.6667,152.4333,82.96,71,72,5.28
147,Anta,IN,1/18/2021 22:26,25.15,76.3,58.24,62,0,5.46
148,Bonthe,SL,1/18/2021 22:26,7.5264,-12.505,78.37,80,61,8.25
149,Rio Gallegos,AR,1/18/2021 22:26,-51.6226,-69.2181,69.8,30,40,20.71
150,Hermanus,ZA,1/18/2021 22:25,-34.4187,19.2345,64,86,0,6.76
151,Rio Grande,BR,1/18/2021 22:25,-32.035,-52.0986,71.01,72,0,4
152,Tahoua,NE,1/18/2021 22:23,14.8888,5.2692,77,13,36,13.8
153,Valentin Gomez Farias,MX,1/18/2021 22:26,28.2167,-106.5833,71.58,19,0,18.81
154,New Norfolk,AU,1/18/2021 22:26,-42.7826,147.0587,55,51,52,4
155,Alliance,US,1/18/2021 22:26,40.9153,-81.1059,30.99,87,99,7
156,Nanortalik,GL,1/18/2021 22:25,60.1432,-45.2371,27.99,84,100,6.38
157,Waipawa,NZ,1/18/2021 22:24,-41.4122,175.5153,68,64,20,21.85
158,Gat,IL,1/18/2021 22:26,31.61,34.7642,51.01,100,0,1.99
159,Inirida,CO,1/18/2021 22:26,3.8653,-67.9239,80.1,89,81,2.44
160,Vila,PT,1/18/2021 22:26,42.0304,-8.1588,39.99,86,0,1.01
161,Gizo,SB,1/18/2021 22:26,-8.103,156.8419,84.11,74,98,11.72
162,Codrington,AU,1/18/2021 22:26,-38.2667,141.9667,57.85,64,44,12.33
163,Karratha,AU,1/18/2021 22:26,-20.7377,116.8463,87.75,52,49,6.06
164,Ponta Do Sol,PT,1/18/2021 22:26,32.6667,-17.1,55,66,79,1.99
165,Marsaxlokk,MT,1/18/2021 22:26,35.8419,14.5431,51.01,100,90,6.91
166,Zhuhai,CN,1/18/2021 22:26,22.2769,113.5678,55.4,82,0,9.22
167,Tigil,RU,1/18/2021 22:26,57.8,158.6667,10.96,90,100,18.01
168,Nouadhibou,MR,1/18/2021 22:26,20.931,-17.0347,66.2,42,0,12.66
169,Cuencame,MX,1/18/2021 22:26,24.8711,-103.6964,78.12,15,0,9.28
170,Saskylakh,RU,1/18/2021 22:24,71.9167,114.0833,-34.6,82,100,4.27
171,Constitucion,CL,1/18/2021 22:24,-35.3333,-72.4167,68.09,55,0,9.22
172,Matagami,CA,1/18/2021 22:26,49.7502,-77.6328,5,92,90,9.22
173,Tabou,CI,1/18/2021 22:23,4.423,-7.3528,78.94,80,20,5.59
174,Yulara,AU,1/18/2021 22:26,-25.2406,130.9889,75.2,25,29,12.66
175,Georgetown,MY,1/18/2021 22:24,5.4112,100.3354,78.8,83,20,6.76
176,Buala,SB,1/18/2021 22:26,-8.145,159.5921,83.43,75,100,6.02
177,Ostrovnoy,RU,1/18/2021 22:26,68.0531,39.5131,21.54,96,95,14.63
178,Ambulu,ID,1/18/2021 22:27,-8.345,113.6058,75.11,86,100,2.91
179,Ticuantepe,NI,1/18/2021 22:27,12.0226,-86.2049,82.4,74,40,16.11
180,Cedar City,US,1/18/2021 22:27,37.6775,-113.0619,41,38,1,17.27
181,Necochea,AR,1/18/2021 22:27,-38.5473,-58.7368,72,67,0,2.33
182,Todos Santos,MX,1/18/2021 22:27,23.45,-110.2167,72,72,0,5.01
183,Ilovita,RO,1/18/2021 22:27,44.7564,22.4728,21.09,91,89,6.17
184,Fort Erie,CA,1/18/2021 22:24,42.9001,-78.9329,34,80,90,8.05
185,Arraial Do Cabo,BR,1/18/2021 22:25,-22.9661,-42.0278,78.8,73,0,18.41
186,Mount Isa,AU,1/18/2021 22:27,-20.7333,139.5,87.8,40,0,9.22
187,Uporovo,RU,1/18/2021 22:27,56.3109,66.2693,-7.83,89,7,5.35
188,Xining,CN,1/18/2021 22:27,36.6167,101.7667,16.77,58,0,3.56
189,Mandalgovi,MN,1/18/2021 22:27,45.7625,106.2708,6.04,87,97,2.33
190,Det Udom,TH,1/18/2021 22:27,14.906,105.0784,53.6,94,54,6.91
191,Ishigaki,JP,1/18/2021 22:27,24.3448,124.1572,60.8,67,40,18.41
192,Dingle,PH,1/18/2021 22:27,10.9995,122.6711,72.81,94,100,9.75
193,Goderich,CA,1/18/2021 22:22,43.7501,-81.7165,30.2,74,97,11.5
194,Klaksvik,FO,1/18/2021 22:27,62.2266,-6.589,32,93,63,7.09
195,Montes Claros,BR,1/18/2021 22:27,-16.735,-43.8617,80.6,36,0,8.05
196,Changji,CN,1/18/2021 22:27,44.0167,87.3167,-0.4,85,75,2.04
197,Thompson,CA,1/18/2021 22:26,55.7435,-97.8558,-4,71,75,2.48
198,Ilulissat,GL,1/18/2021 22:27,69.2167,-51.1,10.4,61,87,2.3
199,Dmanisi,GE,1/18/2021 22:27,41.5251,44.3472,39.2,60,75,25.32
200,Umm Lajj,SA,1/18/2021 22:25,25.0213,37.2685,65.89,52,0,12.77
201,Newtonmore,GB,1/18/2021 22:27,57.066,-4.1192,35.6,93,20,3.44
202,Vinukonda,IN,1/18/2021 22:27,16.05,79.75,67.15,94,5,1.61
203,Hami,CN,1/18/2021 22:27,42.8,93.45,14.74,76,31,3.42
204,Whitehorse,CA,1/18/2021 22:27,60.7161,-135.0538,32,80,90,19.57
205,Broome,US,1/18/2021 22:27,42.2506,-75.833,32,74,90,9.22
206,Bethel,US,1/18/2021 22:23,41.3712,-73.414,37.99,65,40,6.91
207,Ust-Maya,RU,1/18/2021 22:27,60.4167,134.5333,-53.68,71,84,0.94
208,Bud,US,1/18/2021 22:27,39.447,-86.1758,34,84,100,9.46
209,College,US,1/18/2021 22:24,64.8569,-147.8028,37.4,64,90,5.44
210,Dikson,RU,1/18/2021 22:24,73.5069,80.5464,-20.16,84,2,19.53
211,Saint-Augustin,CA,1/18/2021 22:27,51.226,-58.6502,30.11,98,99,14.2
212,Gariaband,IN,1/18/2021 22:27,20.635,82.0614,57.47,50,0,2.1
213,Troitskoye,RU,1/18/2021 22:24,52.9821,84.6757,-2.45,92,7,4.79
214,Cootamundra,AU,1/18/2021 22:27,-34.65,148.0333,70,51,0,3
215,Shush,IR,1/18/2021 22:27,32.1942,48.2436,57.4,61,0,2.33
216,Pringsewu,ID,1/18/2021 22:27,-5.3582,104.9744,70.27,93,98,2.66
217,Osa,RU,1/18/2021 22:27,57.2829,55.4567,-13.05,88,69,0.6
218,Sur,OM,1/18/2021 22:27,22.5667,59.5289,67.89,60,0,3.06
219,La Plata,AR,1/18/2021 22:27,-34.9215,-57.9545,82,44,0,1.99
220,Auki,SB,1/18/2021 22:27,-8.7676,160.7034,83.37,71,100,4.16
221,Mar Del Plata,AR,1/18/2021 22:22,-38.0023,-57.5575,86,35,0,13.8
222,Shelburne,CA,1/18/2021 22:26,44.0787,-80.2041,26.6,80,90,2.3
223,Am Timan,TD,1/18/2021 22:27,11.0297,20.2827,72.1,21,0,5.23
224,Sawakin,SD,1/18/2021 22:27,19.1059,37.3321,70.83,65,5,14.27
225,Margate,GB,1/18/2021 22:25,51.3813,1.3862,46.99,76,100,5.01
226,Sao Felix Do Xingu,BR,1/18/2021 22:27,-6.6447,-51.995,74.93,94,62,2.26
227,Ola,RU,1/18/2021 22:27,59.5833,151.2833,-7.98,80,100,16.8
228,Nishihara,JP,1/18/2021 22:25,26.1842,127.7558,55.4,67,20,11.5
229,Sabalgarh,IN,1/18/2021 22:27,26.25,77.4,52.77,64,0,3.4
230,Prince Rupert,CA,1/18/2021 22:27,54.3161,-130.3201,46.4,81,20,13.8
231,Rocha,UY,1/18/2021 22:27,-34.4833,-54.3333,67.78,62,0,6.73
232,Moundou,TD,1/18/2021 22:22,8.5667,16.0833,74.08,20,5,5.44
233,Beira,MZ,1/18/2021 22:27,-19.8436,34.8389,82,89,75,5.75
234,Biltine,TD,1/18/2021 22:27,14.5333,20.9167,68.22,24,0,17.69
235,Cabo San Lucas,MX,1/18/2021 22:26,22.8909,-109.9124,78.8,31,40,8.05
236,Jieshi,CN,1/18/2021 22:27,22.8134,115.8257,53.01,65,45,14.36
237,Santa Cruz,BO,1/18/2021 22:24,-17.8,-63.1667,78.8,53,75,9.22
238,Hobyo,SO,1/18/2021 22:27,5.3505,48.5268,76.68,72,93,17.11
239,Sandy Bay,AU,1/18/2021 22:27,-42.913,147.3532,55,50,75,17.27
240,Tukrah,LY,1/18/2021 22:27,32.5341,20.5791,56.23,72,14,13.49
241,Chicama,PE,1/18/2021 22:27,-7.8447,-79.1469,69.8,83,75,11.5
242,Agirish,RU,1/18/2021 22:27,61.9247,63.0231,-19.28,86,21,5.82
243,Ryotsu,JP,1/18/2021 22:27,38.0833,138.4333,32,86,75,33.38
244,Mayo,US,1/18/2021 22:26,38.8876,-76.5119,42.01,48,1,9.22
245,Florence,IT,1/18/2021 22:23,43.7667,11.25,39,86,0,1.14
246,Schmalkalden,DE,1/18/2021 22:27,50.7167,10.45,36,88,100,11.95
247,Zyryanka,RU,1/18/2021 22:27,65.75,150.85,-40.79,81,100,5.01
248,Blagoyevo,RU,1/18/2021 22:27,63.3667,47.9167,-2.49,92,96,7.67
249,Sarti,GR,1/18/2021 22:27,40.1,23.9833,37.29,72,4,4.36
250,Flinders,AU,1/18/2021 22:27,-34.5833,150.8552,69.01,77,89,5.99
251,Port Lincoln,AU,1/18/2021 22:25,-34.7333,135.8667,61.11,77,56,14.14
252,Ust-Tsilma,RU,1/18/2021 22:27,65.441,52.1498,-6.18,89,100,9.44
253,Caravelas,BR,1/18/2021 22:24,-17.7125,-39.2481,77.2,78,0,7.05
254,Kahului,US,1/18/2021 22:27,20.8947,-156.47,69.8,88,75,6.91
255,Ouango,CF,1/18/2021 22:27,4.3133,22.5552,72.41,32,6,0.72
256,Basco,PH,1/18/2021 22:25,20.4487,121.9702,70.23,81,100,31.47
257,Yar-Sale,RU,1/18/2021 22:25,66.8333,70.8333,-17.86,87,100,16.31
258,Port Keats,AU,1/18/2021 22:27,-14.25,129.55,79.07,77,100,6.29
259,Burns Lake,CA,1/18/2021 22:27,54.2331,-125.7533,23,93,100,1.14
260,Luwuk,ID,1/18/2021 22:27,-0.9516,122.7875,78.15,80,100,2.24
261,Maragogi,BR,1/18/2021 22:27,-9.0122,-35.2225,77.38,82,4,8.59
262,Olinda,BR,1/18/2021 22:27,-8.0089,-34.8553,78.8,69,20,11.5
263,Marsh Harbour,BS,1/18/2021 22:27,26.5412,-77.0636,68.34,70,100,15.3
264,Praia Da Vitoria,PT,1/18/2021 22:27,38.7333,-27.0667,62.6,82,75,19.48
265,Manitouwadge,CA,1/18/2021 22:27,49.1215,-85.8403,15.8,62,90,2.3
266,Loandjili,CG,1/18/2021 22:27,-4.7561,11.8578,80.6,89,40,5.75
267,Hualmay,PE,1/18/2021 22:27,-11.0964,-77.6139,73.42,74,58,8.39
268,Sao Filipe,CV,1/18/2021 22:25,14.8961,-24.4956,73.67,67,100,6.13
269,Thaba-Tseka,LS,1/18/2021 22:27,-29.522,28.6084,54.81,76,0,3.74
270,Torbay,CA,1/18/2021 22:27,47.6666,-52.7314,39,93,75,16.11
271,Grindavik,IS,1/18/2021 22:27,63.8424,-22.4338,32,80,40,25.32
272,Devonport,AU,1/18/2021 22:27,-41.1667,146.35,57.99,45,83,1.01
273,Shawnee,US,1/18/2021 22:25,39.05,-95.7669,48.2,45,1,13.8
274,Oron,NG,1/18/2021 22:27,4.8256,8.2343,80.04,82,2,4.68
275,San Policarpo,PH,1/18/2021 22:27,12.1791,125.5072,78.57,90,100,19.66
276,Mgandu,TZ,1/18/2021 22:25,-5.95,34.1333,61.27,94,100,3.04
277,Miyang,CN,1/18/2021 22:27,24.4042,103.4428,39.85,87,0,3
278,San Quintin,MX,1/18/2021 22:24,30.4833,-115.95,66.85,55,22,14.92
279,Amroha,IN,1/18/2021 22:27,28.9167,78.4667,54.14,68,0,5.79
280,Maridi,SS,1/18/2021 22:27,4.9158,29.4742,73.98,31,79,1.52
281,Barcelos,PT,1/18/2021 22:27,41.5388,-8.6151,46,87,0,8.05
282,Ojinaga,MX,1/18/2021 22:27,29.5667,-104.4167,75.2,9,1,3.44
283,Aksarka,RU,1/18/2021 22:25,66.5606,67.7975,-19.52,86,100,6.04
284,Aklavik,CA,1/18/2021 22:27,68.2191,-135.0107,-0.4,78,76,8.05
285,Roald,NO,1/18/2021 22:24,62.5833,6.1333,39.2,60,90,13.8
286,Rabaul,PG,1/18/2021 22:27,-4.1967,152.1721,81.5,79,61,3.33
287,Copiapo,CL,1/18/2021 22:27,-27.3667,-70.3333,66.2,68,20,9.22
288,Canby,US,1/18/2021 22:27,45.2629,-122.6926,51.01,71,1,10.36
289,Denpasar,ID,1/18/2021 22:22,-8.65,115.2167,77,94,75,3.44
290,Kabalo,CD,1/18/2021 22:27,-6.05,26.9167,69.39,94,98,1.41
291,Bani Walid,LY,1/18/2021 22:24,31.7566,13.9942,50.22,65,3,13.53
292,Fortuna,US,1/18/2021 22:24,40.5982,-124.1573,63,63,1,10.36
293,Nome,US,1/18/2021 22:27,64.5011,-165.4064,8.6,78,90,5.75
294,Tiksi,RU,1/18/2021 22:25,71.6872,128.8694,-29.43,85,100,6.08
295,Kichera,RU,1/18/2021 22:27,55.9375,110.0997,-5.28,85,100,1.52
296,Luderitz,NA,1/18/2021 22:24,-26.6481,15.1594,65.35,86,1,12.24
297,Zhanaozen,KZ,1/18/2021 22:27,43.3,52.8,33.94,90,100,15.39
298,Sungaipenuh,ID,1/18/2021 22:27,-2.0833,101.3833,60.8,90,95,3.94
299,Sinnamary,GF,1/18/2021 22:27,5.3833,-52.95,77.95,82,90,12.66
300,Esqueda,MX,1/18/2021 22:27,30.7167,-109.5833,69.96,21,0,20.15
301,Silveira,PT,1/18/2021 22:27,39.1112,-9.3643,48.99,91,0,1.88
302,Egvekinot,RU,1/18/2021 22:25,66.3167,-179.1667,-18.54,86,100,11.32
303,Ingham,US,1/18/2021 22:26,42.6,-84.3833,30.99,80,90,5.75
304,Provost,CA,1/18/2021 22:27,52.3501,-110.2683,33.8,80,48,19.57
305,Bubaque,GW,1/18/2021 22:26,11.2833,-15.8333,79.79,60,1,9.17
306,Ramgarh,IN,1/18/2021 22:27,23.6333,85.5167,55.4,58,0,4.7
307,Anzhero-Sudzhensk,RU,1/18/2021 22:27,56.081,86.0285,5,72,75,13.42
308,Fairbanks,US,1/18/2021 22:23,64.8378,-147.7164,37.4,44,90,9.22
309,Strelka,RU,1/18/2021 22:27,58.0728,93.0344,9.68,93,100,10.11
310,Severomuysk,RU,1/18/2021 22:27,56.1481,113.4267,-20.88,88,98,2.68
311,Sabang,ID,1/18/2021 22:27,5.8933,95.3214,80.91,75,68,14.36
312,Ontario,US,1/18/2021 22:24,34.0633,-117.6509,82.4,13,20,14.97
313,Troitskaya,RU,1/18/2021 22:27,43.3056,44.9789,26.01,100,100,6.71
314,East London,ZA,1/18/2021 22:25,-33.0153,27.9116,70.05,78,44,20.24
315,San Ignacio,BZ,1/18/2021 22:27,17.1561,-89.0714,72,78,90,5.28
316,Tazovskiy,RU,1/18/2021 22:24,67.4667,78.7,-18.51,88,98,7.52
317,Gafanha Da Encarnacao,PT,1/18/2021 22:27,40.6181,-8.733,44.01,88,0,5.97
318,The Valley,AI,1/18/2021 22:26,18.217,-63.0578,79,73,40,11.5
319,Ilo,PE,1/18/2021 22:27,-17.6394,-71.3375,71.01,74,14,3.42
320,Vicar,ES,1/18/2021 22:27,36.8316,-2.6427,50,81,0,6.91
321,Acobamba,PE,1/18/2021 22:27,-11.3525,-75.6594,56.53,63,99,2.53
322,San Patricio,US,1/18/2021 22:24,28.017,-97.5169,75.2,64,20,26.46
323,Teguldet,RU,1/18/2021 22:27,57.3064,88.1667,4.15,93,100,9.6
324,Santo Antonio Do Ica,BR,1/18/2021 22:26,-3.1022,-67.9397,81.93,85,100,2.73
325,Harper,LR,1/18/2021 22:27,4.375,-7.7169,78.85,78,11,4.97
326,Faanui,PF,1/18/2021 22:27,-16.4833,-151.75,81.19,74,4,15.14
327,Iquitos,PE,1/18/2021 22:23,-3.7481,-73.2472,75.2,88,75,4.61
328,Tacuarembo,UY,1/18/2021 22:27,-31.7333,-55.9833,74.21,50,0,5.73
329,Udhampur,IN,1/18/2021 22:27,32.9333,75.1333,49.5,45,0,7.31
330,Henties Bay,NA,1/18/2021 22:26,-22.116,14.2845,66,88,76,6.64
331,Tadine,NC,1/18/2021 22:27,-21.55,167.8833,81.99,79,95,4.59
332,Ambilobe,MG,1/18/2021 22:27,-13.2,49.05,76.73,92,100,5.68
333,Altay,CN,1/18/2021 22:27,47.8667,88.1167,10.62,63,6,1.52
334,Iranshahr,IR,1/18/2021 22:27,27.2025,60.6848,55.4,35,0,6.91
335,Hamilton,US,1/18/2021 22:26,39.1834,-84.5333,34,80,90,6.91
336,Muli,MV,1/18/2021 22:27,2.9167,73.5667,81.57,71,2,9.6
337,Sedona,US,1/18/2021 22:23,34.8697,-111.761,61,10,75,3.44
338,Kaeo,NZ,1/18/2021 22:27,-35.1,173.7833,72.27,59,65,12.37
339,Scottsbluff,US,1/18/2021 22:27,41.8666,-103.6672,41,45,40,26.46
340,Clyde River,CA,1/18/2021 22:24,70.4692,-68.5914,-4,77,20,3.44
341,Agadir,MA,1/18/2021 22:27,30.4202,-9.5982,50,93,0,3.44
342,Machaneng,BW,1/18/2021 22:27,-23.1862,27.4886,73.22,68,100,14.58
343,Maralal,KE,1/18/2021 22:27,1.0968,36.698,61.74,71,100,3.49
344,San Luis,AR,1/18/2021 22:27,-33.295,-66.3356,85.93,19,0,5.26
345,Paternion,AT,1/18/2021 22:27,46.7142,13.6361,16,83,28,4.65
346,Shache,CN,1/18/2021 22:27,38.4167,77.2406,20.17,82,34,1.83
347,Beboto,TD,1/18/2021 22:27,8.2668,16.939,74.77,19,3,3.38
348,Kosh-Agach,RU,1/18/2021 22:27,50,88.6667,-2.63,70,15,1.21
349,Berlevag,NO,1/18/2021 22:27,70.8578,29.0864,33.8,64,75,20.71
350,Padang,ID,1/18/2021 22:27,-0.9492,100.3543,73.4,88,75,2.3
351,Vagamo,NO,1/18/2021 22:27,61.8751,9.0967,9.54,88,83,1.68
352,Orlik,RU,1/18/2021 22:27,52.5178,99.825,1.98,81,57,2.68
353,Victoria,HK,1/18/2021 22:26,22.2855,114.1577,57,70,64,1.01
354,Asau,RO,1/18/2021 22:27,46.4333,26.4,10,65,24,4.5
355,Tasiilaq,GL,1/18/2021 22:26,65.6145,-37.6368,19.4,49,30,2.3
356,Abu Kamal,SY,1/18/2021 22:27,34.4506,40.9171,50.31,59,4,3.98
357,Atar,MR,1/18/2021 22:27,20.5169,-13.0499,62.67,24,100,13.15
358,Berbera,SO,1/18/2021 22:27,10.4396,45.0143,74.93,74,3,4.45
359,Grafton,US,1/18/2021 22:27,42.207,-71.6856,39,55,90,13.8
360,Hofn,IS,1/18/2021 22:27,64.2539,-15.2082,38.62,74,99,18.63
361,Russellville,US,1/18/2021 22:25,35.2784,-93.1338,60.8,25,1,6.91
362,Kristiansund,NO,1/18/2021 22:27,63.1115,7.732,33.8,60,99,6.91
363,Mayumba,GA,1/18/2021 22:27,-3.432,10.6554,78.84,82,100,5.46
364,Nabire,ID,1/18/2021 22:27,-3.3667,135.4833,75.63,87,100,3.53
365,Samfya,ZM,1/18/2021 22:27,-11.3649,29.5565,68.9,87,100,4.36
366,Vao,NC,1/18/2021 22:27,-22.6667,167.4833,78.19,89,92,12.21
367,Marzuq,YE,1/18/2021 22:26,14.4,46.4667,57.92,32,0,2.35
368,Namibe,AO,1/18/2021 22:25,-15.1961,12.1522,73.08,72,92,9.78
369,Anloga,GH,1/18/2021 22:27,5.7947,0.8973,80.6,89,40,9.22
370,Tacoronte,ES,1/18/2021 22:27,28.4769,-16.4102,62.01,87,0,5.75
371,Rawah,IQ,1/18/2021 22:27,34.4816,41.9093,50.29,58,1,1.92
372,Shenzhen,CN,1/18/2021 22:27,22.5455,114.0683,55.99,87,48,6.62
373,Saint-Pierre,RE,1/18/2021 22:27,-21.3393,55.4781,78.8,73,20,5.75
374,Qasigiannguit,GL,1/18/2021 22:27,68.8193,-51.1922,10.4,61,93,2.3
375,Villaviciosa,ES,1/18/2021 22:27,43.4813,-5.4357,53.01,73,8,4.68
376,Shingu,JP,1/18/2021 22:27,33.7333,135.9833,34.11,84,1,8.61
377,Grand Gaube,MU,1/18/2021 22:24,-20.0064,57.6608,79,88,100,3
378,Iqaluit,CA,1/18/2021 22:24,63.7506,-68.5145,17.6,93,75,2.3
379,Saint George,US,1/18/2021 22:27,37.1041,-113.5841,60.01,17,1,3.44
380,Filadelfia,US,1/18/2021 22:26,39.9523,-75.1638,42.8,45,75,17.27
381,Mantenopolis,BR,1/18/2021 22:27,-18.8625,-41.1228,71.87,84,17,6.85
382,Sioux Lookout,CA,1/18/2021 22:27,50.1001,-91.917,1.4,78,90,8.05
383,High Level,CA,1/18/2021 22:24,58.5169,-117.136,15.8,92,40,3.44
384,Estelle,US,1/18/2021 22:25,29.8458,-90.1067,63,36,1,8.05
385,Tura,IN,1/18/2021 22:27,25.5198,90.2201,58.39,64,0,2.33
386,San Vicente,AR,1/18/2021 22:25,-26.6167,-54.1333,72.93,65,66,4.88
387,Port Maria,JM,1/18/2021 22:27,18.3685,-76.8895,80.01,82,100,3
388,Severo-Yeniseyskiy,RU,1/18/2021 22:27,60.3725,93.0408,3.7,94,100,9.46
389,Marfino,RU,1/18/2021 22:27,55.7028,37.3822,3,85,75,4.47
390,Tomatlan,MX,1/18/2021 22:27,19.9333,-105.25,83.64,43,2,7.43
391,Ayagoz,KZ,1/18/2021 22:27,47.9714,80.4392,19.33,79,100,1.19
392,Labuhan,ID,1/18/2021 22:27,-6.8844,112.2051,78.13,86,100,11.77
393,Hammond,US,1/18/2021 22:27,41.5834,-87.5,30.2,80,90,11.5
394,Ngunguru,NZ,1/18/2021 22:27,-35.6167,174.5,72.61,63,14,9.17
395,Ayorou,NE,1/18/2021 22:27,14.7308,0.9174,76.91,18,0,9.26
396,Vanavara,RU,1/18/2021 22:27,60.34,102.2797,-15.27,89,100,6.38
397,Los Llanos De Aridane,ES,1/18/2021 22:25,28.6585,-17.9182,64.4,63,90,5.75
398,Makakilo City,US,1/18/2021 22:27,21.3469,-158.0858,73.4,68,75,11.5
399,Black River,JM,1/18/2021 22:27,18.0264,-77.8487,81,74,20,10.36
400,Adet,ET,1/18/2021 22:27,11.2644,37.4888,57.27,36,6,2.68
401,Loikaw,MM,1/18/2021 22:25,19.6742,97.2094,56.98,81,76,1.28
402,Cidreira,BR,1/18/2021 22:24,-30.1811,-50.2056,72.16,73,9,10.6
403,Cananeia,BR,1/18/2021 22:27,-25.0147,-47.9267,74.39,91,100,10.25
404,Kutum,SD,1/18/2021 22:25,14.2,24.6667,55.89,37,2,13.62
405,Dunedin,NZ,1/18/2021 22:27,-45.8742,170.5036,63,71,45,3
406,Nemuro,JP,1/18/2021 22:27,43.3236,145.575,22.78,97,100,28.99
407,Zaranj,AF,1/18/2021 22:27,30.9667,61.8833,46.4,36,0,11.5
408,Bosaso,SO,1/18/2021 22:27,11.2842,49.1816,74.05,71,58,9.1
409,Alofi,NU,1/18/2021 22:27,-19.0595,-169.9187,87.8,62,40,9.22
410,Leshukonskoye,RU,1/18/2021 22:27,64.8989,45.7622,12.11,96,100,8.79
411,Guia De Isora,ES,1/18/2021 22:27,28.2115,-16.7795,62.6,67,20,8.05
412,Portland,US,1/18/2021 22:24,45.5234,-122.6762,52,58,20,3.44
413,Barra Patuca,HN,1/18/2021 22:27,15.8,-84.2833,77.63,84,100,10.78
414,Pendleton,US,1/18/2021 22:27,45.6721,-118.7886,46.99,65,1,8.05
415,Santa Vitoria Do Palmar,BR,1/18/2021 22:27,-33.5189,-53.3681,67.39,66,0,8.99
416,Barra Do Garcas,BR,1/18/2021 22:27,-15.89,-52.2567,76.15,85,100,1.61
417,Mwaya,TZ,1/18/2021 22:27,-9.55,33.95,73.74,79,81,3.8
418,Wadi Musa,JO,1/18/2021 22:27,30.3222,35.4793,39.99,66,12,10.78
419,Sarana,RU,1/18/2021 22:27,56.4773,57.7259,-9.18,88,89,1.66
420,Dolores,AR,1/18/2021 22:27,-36.3132,-57.6792,74.97,50,0,14.52
421,Plettenberg Bay,ZA,1/18/2021 22:24,-34.0527,23.3716,67.37,83,1,1.45
422,Hambantota,LK,1/18/2021 22:27,6.1241,81.1185,73.4,100,40,5.75
423,Sorong,ID,1/18/2021 22:24,-0.8833,131.25,79.45,78,100,4.14
424,Sibu,MY,1/18/2021 22:27,2.3,111.8167,75,100,40,1.14
425,Tilichiki,RU,1/18/2021 22:27,60.4667,166.1,-23.76,85,87,15.99
426,Ancud,CL,1/18/2021 22:27,-41.8697,-73.8203,72,64,20,6.91
427,Alausi,EC,1/18/2021 22:27,-2.2,-78.8333,69.8,37,75,11.5
428,Rovaniemi,FI,1/18/2021 22:27,66.5,25.7167,14,92,90,5.75
429,Kavaratti,IN,1/18/2021 22:27,10.5669,72.642,80.96,72,0,3.27
430,Meadow Lake,US,1/18/2021 22:24,34.8014,-106.5436,55.99,17,75,11.5
431,Manono,CD,1/18/2021 22:27,-7.3,27.4167,71.17,92,86,0.34
432,Port Hedland,AU,1/18/2021 22:26,-20.3167,118.5667,89.6,45,86,6.91
433,Bam,IR,1/18/2021 22:27,29.106,58.357,55,39,0,4.54
434,Raga,SS,1/18/2021 22:27,8.4596,25.678,70.45,23,46,5.23
435,Ixtapa,MX,1/18/2021 22:26,20.7,-105.2,73.4,68,75,6.91
436,Banda Aceh,ID,1/18/2021 22:27,5.5577,95.3222,76.8,76,37,8.75
437,Camacha,PT,1/18/2021 22:24,33.0833,-16.3333,55.4,71,0,2.55
438,Barahona,DO,1/18/2021 22:27,18.2085,-71.1008,82.4,83,40,11.5
439,Kargopol,RU,1/18/2021 22:27,61.5071,38.9456,12.04,97,100,4.32
440,Chapais,CA,1/18/2021 22:24,49.7834,-74.8492,1.4,71,1,11.5
441,Mbandaka,CD,1/18/2021 22:27,0.0487,18.2603,75.16,75,20,2.8
442,Port Hawkesbury,CA,1/18/2021 22:27,45.6169,-61.3485,36,80,75,9.22
443,Uyuni,BO,1/18/2021 22:27,-20.4597,-66.825,54.12,60,57,17.34
444,Talara,PE,1/18/2021 22:27,-4.5772,-81.2719,80.6,57,0,9.22
445,Olga,RU,1/18/2021 22:27,43.7444,135.2892,-7.89,76,4,20.22
446,Marinette,US,1/18/2021 22:24,45.1,-87.6307,28.4,64,90,4.61
447,Uzunovo,RU,1/18/2021 22:27,54.5386,38.6173,-0.47,92,100,1.61
448,Pierre,US,1/18/2021 22:27,44.3683,-100.351,33.8,80,90,12.66
449,Teeli,RU,1/18/2021 22:27,51.0333,90.2333,-2.33,85,64,1.41
450,Cantaura,VE,1/18/2021 22:27,9.3057,-64.3584,83.17,53,56,5.91
451,Batesville,US,1/18/2021 22:27,35.7698,-91.641,57.2,26,20,4.61
452,Livingston,GB,1/18/2021 22:26,55.9029,-3.5226,39.2,100,20,8.05
453,Kano,NG,1/18/2021 22:27,12.0001,8.5167,62.6,45,0,11.77
454,Haifa,IL,1/18/2021 22:27,32.8156,34.9892,55.99,79,59,5.99
455,Pacific Grove,US,1/18/2021 22:27,36.6177,-121.9166,75,20,1,5.75
456,Mokhsogollokh,RU,1/18/2021 22:27,61.4681,128.9203,-55.28,67,48,2.57
457,Manavgat,TR,1/18/2021 22:27,36.7867,31.4431,42.8,49,0,10.36
458,Grootfontein,NA,1/18/2021 22:27,-19.5667,18.1167,68,64,100,4.61
459,Ornskoldsvik,SE,1/18/2021 22:27,63.2909,18.7153,1.4,92,90,4.61
460,Byron Bay,AU,1/18/2021 22:23,-28.65,153.6167,75.2,73,96,5.75
461,Usolye,RU,1/18/2021 22:27,59.4268,56.6808,-13.4,90,89,3.36
462,Tiarei,PF,1/18/2021 22:27,-17.5333,-149.3333,86,62,20,8.05
463,Sorland,NO,1/18/2021 22:24,67.667,12.6934,19.4,93,20,2.3
464,Stara Synyava,UA,1/18/2021 22:27,49.6032,27.6191,1.27,93,90,5.37
465,Clarence Town,AU,1/18/2021 22:27,-32.5833,151.7833,77,88,75,9.22
466,Ballina,AU,1/18/2021 22:27,-28.8667,153.5667,75.2,73,96,5.75
467,Amel,BE,1/18/2021 22:27,50.3514,6.1681,39.99,100,90,10.36
468,Parabel,RU,1/18/2021 22:27,58.6978,81.4825,-15.32,88,68,8.86
469,Karimganj,IN,1/18/2021 22:27,24.8667,92.35,56.95,81,0,2.71
470,Natal,BR,1/18/2021 22:24,-5.795,-35.2094,80.6,69,20,11.5
471,Novo Cruzeiro,BR,1/18/2021 22:27,-17.4681,-41.8753,66.63,80,0,2.91
472,Mastic Beach,US,1/18/2021 22:27,40.7668,-72.8521,42.8,49,20,10.36
473,Oystese,NO,1/18/2021 22:27,60.3882,6.1925,37,92,100,5.99
474,Posevnaya,RU,1/18/2021 22:27,54.3006,83.3297,-10.41,91,18,7.43
475,Liberal,US,1/18/2021 22:27,37.0431,-100.921,51.8,30,1,19.57
476,Gore,NZ,1/18/2021 22:27,-46.1028,168.9436,51.01,94,100,5.99
477,Sohbatpur,PK,1/18/2021 22:27,28.5202,68.5434,54.91,36,0,5.7
478,Baykit,RU,1/18/2021 22:27,61.67,96.37,-17.16,83,100,3.09
479,Shanghai,CN,1/18/2021 22:23,31.2222,121.4581,44.01,75,0,6.71
480,Mayna,RU,1/18/2021 22:27,54.1135,47.6231,-4.9,93,100,4.05
481,Suntar,RU,1/18/2021 22:24,62.1444,117.6319,-39.12,81,97,4.32
482,Hovd,MN,1/18/2021 22:27,48.0056,91.6419,1.27,76,25,1.5
483,Marsabit,KE,1/18/2021 22:27,2.3284,37.9899,71.11,50,99,11.23
484,Norman Wells,CA,1/18/2021 22:27,65.282,-126.8329,-2.2,84,75,5.75
485,Grand-Santi,GF,1/18/2021 22:27,4.25,-54.3833,73.81,95,100,4.23
486,Sahuaripa,MX,1/18/2021 22:27,29.05,-109.2333,83.03,14,0,12.12
487,Ahipara,NZ,1/18/2021 22:24,-35.1667,173.1667,71.37,64,34,12.3
488,Awjilah,LY,1/18/2021 22:27,29.1081,21.2869,51.1,49,12,8.84
489,Mitsamiouli,KM,1/18/2021 22:25,-11.3847,43.2844,81.43,79,100,9.19
490,Tank,PK,1/18/2021 22:27,32.2217,70.3793,50.86,42,0,2.98
491,Molepolole,BW,1/18/2021 22:27,-24.4066,25.4951,73.4,73,0,8.05
492,Balakovo,RU,1/18/2021 22:27,52.0278,47.8007,-0.45,92,100,5.41
493,Richards Bay,ZA,1/18/2021 22:27,-28.783,32.0377,71.55,84,95,2.91
494,Hirara,JP,1/18/2021 22:27,24.8,125.2833,60.8,67,75,13.8
495,Benidorm,ES,1/18/2021 22:27,38.5382,-0.131,50,99,12,4.03
496,San Rafael,AR,1/18/2021 22:27,-34.6177,-68.3301,89.94,14,0,16.64
497,Tiznit,MA,1/18/2021 22:27,29.5833,-9.5,53.51,55,25,1.45
498,Berea,US,1/18/2021 22:24,41.3662,-81.8543,30.99,86,90,8.05
499,Woodward,US,1/18/2021 22:27,36.4337,-99.3904,54,40,1,13.8
500,Quelimane,MZ,1/18/2021 22:24,-17.8786,36.8883,82,89,75,3.36
501,Praia,CV,1/18/2021 22:27,14.9215,-23.5087,71.6,73,100,13.8
502,Jos,NG,1/18/2021 22:23,9.9167,8.9,63.99,29,2,8.12
503,Beloha,MG,1/18/2021 22:26,-25.1667,45.05,75.65,91,100,5.75
504,Teknaf,BD,1/18/2021 22:27,20.8624,92.3058,61.99,82,12,2.98
505,Rio De Janeiro,BR,1/18/2021 22:26,-22.9028,-43.2075,90,58,0,11.5
506,Talnakh,RU,1/18/2021 22:27,69.4865,88.3972,-11.67,88,100,4
507,Correntina,BR,1/18/2021 22:27,-13.3433,-44.6367,74.37,61,16,2.66
508,Kefamenanu,ID,1/18/2021 22:27,-9.4467,124.4781,71.56,92,100,2.26
509,Conakry,GN,1/18/2021 22:27,9.538,-13.6773,79.88,67,46,6.8
510,Randolph,US,1/18/2021 22:27,35.7001,-79.8164,46.4,39,1,3.44
511,Hearst,CA,1/18/2021 22:27,49.6835,-83.6665,6.8,85,91,1.14
512,New Glasgow,CA,1/18/2021 22:23,45.5834,-62.6486,37.4,70,91,3.44
513,Axim,GH,1/18/2021 22:27,4.8699,-2.2405,79.12,85,37,9.86
514,Melito Di Porto Salvo,IT,1/18/2021 22:27,37.9222,15.7714,50,50,75,12.66
515,Kisangani,CD,1/18/2021 22:25,0.5167,25.2,74.68,72,100,2.55
516,Samarai,PG,1/18/2021 22:27,-10.6167,150.6667,85.39,75,87,10.47
517,Sitka,US,1/18/2021 22:27,57.0531,-135.33,44.6,76,90,21.85
518,Coari,BR,1/18/2021 22:27,-4.085,-63.1414,79.84,90,85,1.77
519,Petatlan,MX,1/18/2021 22:27,17.5167,-101.2667,86,79,20,5.79
520,Belmonte,BR,1/18/2021 22:27,-15.8631,-38.8828,78.8,73,20,8.05
521,Eisenerz,AT,1/18/2021 22:27,47.5333,14.8833,21.2,93,40,1.14
522,Mackay,AU,1/18/2021 22:26,-21.15,149.2,77,88,90,9.22
523,Sesimbra,PT,1/18/2021 22:27,38.4445,-9.1015,52,100,0,3.44
524,Erzin,TR,1/18/2021 22:27,36.9559,36.2,43,83,100,5.99
525,Ulety,RU,1/18/2021 22:27,51.3572,112.4849,-7.11,88,75,2.39
526,Gladstone,AU,1/18/2021 22:27,-23.85,151.25,80.6,61,100,5.75
527,Araouane,ML,1/18/2021 22:27,18.9048,-3.5265,66.42,22,49,9.75
528,Starodub,RU,1/18/2021 22:23,52.5844,32.7633,2.25,94,100,4.21
529,Zhigansk,RU,1/18/2021 22:27,66.7697,123.3711,-50.64,76,52,6.38
530,Cayenne,GF,1/18/2021 22:23,4.9333,-52.3333,80.6,78,40,5.75
531,Mehamn,NO,1/18/2021 22:27,71.0357,27.8492,30.2,93,90,10.36
532,Surt,LY,1/18/2021 22:27,31.2089,16.5887,58.51,65,6,17.34
533,Timra,SE,1/18/2021 22:27,62.487,17.3257,-4,84,31,5.75
534,Corn Island,NI,1/18/2021 22:27,12.1694,-83.0418,80.37,77,53,19.69
535,Iberia,US,1/18/2021 22:27,29.9502,-91.7507,62.6,36,1,10.36
536,Haines Junction,CA,1/18/2021 22:27,60.7522,-137.5108,30.2,93,100,1.14
537,North Platte,US,1/18/2021 22:24,41.1239,-100.7654,48.2,31,90,24.16
538,Verkhnevilyuysk,RU,1/18/2021 22:27,63.4453,120.3167,-50.28,76,56,4.43
539,Haddonfield,US,1/18/2021 22:23,39.8915,-75.0377,42.01,60,90,5.75
540,Atherton,GB,1/18/2021 22:27,53.5237,-2.4935,46,87,100,4
541,Nador,MA,1/18/2021 22:24,35.174,-2.9287,48.2,87,0,2.3
542,Mbini,GQ,1/18/2021 22:27,1.574,9.6134,78.8,100,40,6.98
543,Gusinoye Ozero,RU,1/18/2021 22:27,51.1144,106.2614,-4.81,88,80,2.46
544,Urumqi,CN,1/18/2021 22:27,43.801,87.6005,-0.4,85,75,4.41
545,Jamsa,FI,1/18/2021 22:27,61.8642,25.19,24.8,93,90,5.75
546,Tevriz,RU,1/18/2021 22:27,57.509,72.4042,-9.71,90,85,6.73
547,Itarema,BR,1/18/2021 22:27,-2.9248,-39.9167,80.01,78,91,11.92
548,Palmer,US,1/18/2021 22:27,42.1584,-72.3287,37.99,56,75,12.66
549,Ahuimanu,US,1/18/2021 22:25,21.4447,-157.8378,73.4,83,90,31.07
550,Elbistan,TR,1/18/2021 22:27,38.2059,37.1983,20.21,92,95,2.01
551,Saint-Georges,GD,1/18/2021 22:24,12.0564,-61.7485,78.8,83,40,17.27
